"key","zh-Hant","en","ja","ko","ru","vi","zh-Hans"
"466850","五分山雷達站","Wufenshan","五分山雷達站","五分山雷達站","五分山雷達站","五分山雷達站","五分山雷达站"
"466881","新北","New Taipei","新北","新北","新北","新北","新北"
"466900","淡水","Tamsui","淡水","淡水","淡水","淡水","淡水"
"466910","鞍部","Anbu","鞍部","鞍部","鞍部","鞍部","鞍部"
"466920","臺北","Taipei","台北","臺北","臺北","臺北","台北"
"466930","竹子湖","Zhuzihu","竹子湖","竹子湖","竹子湖","竹子湖","竹子湖"
"466940","基隆","Keelung","基隆","基隆","基隆","基隆","基隆"
"466950","彭佳嶼","Pengjiayu","彭佳嶼","彭佳嶼","彭佳嶼","彭佳嶼","彭佳屿"
"466990","花蓮","Hualien","花蓮","花蓮","花蓮","花蓮","花莲"
"467050","新屋","Xinwu","新屋","新屋","新屋","新屋","新屋"
"467080","宜蘭","Yilan","宜蘭","宜蘭","宜蘭","宜蘭","宜兰"
"467110","金門","Kinmen","金門","金門","金門","金門","金门"
"467270","田中","Tianzhong","田中","田中","田中","田中","田中"
"467280","後龍","Houlong","後龍","後龍","後龍","後龍","后龙"
"467290","古坑","Gukeng","古坑","古坑","古坑","古坑","古坑"
"467300","東吉島","Dongjidao","東吉島","東吉島","東吉島","東吉島","东吉岛"
"467350","澎湖","Penghu","澎湖","澎湖","澎湖","澎湖","澎湖"
"467410","臺南","Tainan","台南","臺南","臺南","臺南","台南"
"467420","永康","Yongkang","永康","永康","永康","永康","永康"
"467441","高雄","Kaohsiung","高雄","高雄","高雄","高雄","高雄"
"467480","嘉義","Chiayi","嘉義","嘉義","嘉義","嘉義","嘉义"
"467490","臺中","Taichung","台中","臺中","臺中","臺中","台中"
"467530","阿里山","Alishan","阿里山","阿里山","阿里山","阿里山","阿里山"
"467540","大武","Dawu","大武","大武","大武","大武","大武"
"467550","玉山","Yushan","玉山","玉山","玉山","玉山","玉山"
"467571","新竹","Hsinchu","新竹","新竹","新竹","新竹","新竹"
"467590","恆春","Hengchun","恒春","恆春","恆春","恆春","恒春"
"467610","成功","Chenggong","成功","成功","成功","成功","成功"
"467620","蘭嶼","Lanyu","蘭嶼","蘭嶼","蘭嶼","蘭嶼","兰屿"
"467650","日月潭","Sun Moon Lake","日月潭","日月潭","日月潭","日月潭","日月潭"
"467660","臺東","Taitung","台東","臺東","臺東","臺東","台东"
"467790","墾丁雷達站","Kenting","墾丁雷達站","墾丁雷達站","墾丁雷達站","墾丁雷達站","垦丁雷达站"
"467990","馬祖","Matsu","馬祖","馬祖","馬祖","馬祖","马祖"
"12J990","口湖工作站","Kouhu Branch Station","口湖工作站","口湖工作站","口湖工作站","口湖工作站","口湖工作站"
"12Q970","東港工作站","Donggang Branch","東港工作站","東港工作站","東港工作站","東港工作站","东港工作站"
"12Q980","恆春工作站","Hengchun Branch","恆春工作站","恆春工作站","恆春工作站","恆春工作站","恒春工作站"
"42HA10","萬大發電廠","Wanta Hydro","萬大發電廠","萬大發電廠","萬大發電廠","萬大發電廠","万大发电厂"
"72AI40","桃改樹林分場","Shulin Sub-station Of Taoyuan ARES","桃改樹林分場","桃改樹林分場","桃改樹林分場","桃改樹林分場","桃改树林分场"
"72C440","桃園農改場","桃園農改場","桃園農改場","桃園農改場","桃園農改場","桃園農改場","桃园农改场"
"72D080","桃改五峰分場","Wufeng Sub-station Of Taoyuan ARES","桃改五峰分場","桃改五峰分場","桃改五峰分場","桃改五峰分場","桃改五峰分场"
"72D680","桃改新埔分場","Sinpu Sub-station Of Taoyuan ARES","桃改新埔分場","桃改新埔分場","桃改新埔分場","桃改新埔分場","桃改新埔分场"
"72G600","臺中農改場","Ta Tsun","臺中農改場","臺中農改場","臺中農改場","臺中農改場","台中农改场"
"72HA00","中改埔里分場","Puli Sub-station Of Taichung ARES","中改埔里分場","中改埔里分場","中改埔里分場","中改埔里分場","中改埔里分场"
"72K220","南改斗南分場","Dounan Sub-station Of Tainan ARES","南改斗南分場","南改斗南分場","南改斗南分場","南改斗南分場","南改斗南分场"
"72M360","南改義竹分場","Yichu Sub-station Of Tainan ARES","南改義竹分場","南改義竹分場","南改義竹分場","南改義竹分場","南改义竹分场"
"72M700","南改鹿草分場","Lucao Sub-station Of Tainan ARES","南改鹿草分場","南改鹿草分場","南改鹿草分場","南改鹿草分場","南改鹿草分场"
"72N100","臺南農改場","Tainan","臺南農改場","臺南農改場","臺南農改場","臺南農改場","台南农改场"
"72N240","七股研究中心","Qigu Research Center","七股研究中心","七股研究中心","七股研究中心","七股研究中心","七股研究中心"
"72Q010","高雄農改場","Pingtung","高雄農改場","高雄農改場","高雄農改場","高雄農改場","高雄农改场"
"72S200","東改班鳩分場","Banjuou Sub-station Of Taitung ARES ","東改班鳩分場","東改班鳩分場","東改班鳩分場","東改班鳩分場","东改斑鸠分场"
"72S590","東改賓朗果園","Binlung Orchard Sub-station Of Taitung ARES ","東改賓朗果園","東改賓朗果園","東改賓朗果園","東改賓朗果園","东改宾朗果园"
"72T250","花蓮農改場","Gi An","花蓮農改場","花蓮農改場","花蓮農改場","花蓮農改場","花莲农改场"
"72U480","花改蘭陽分場","Lanyang Sub-station Of Hualien ARES","花改蘭陽分場","花改蘭陽分場","花改蘭陽分場","花改蘭陽分場","花改兰阳分场"
"72V140","高改旗南分場","Chinan Sub-station Of Kaohsiung ARES","高改旗南分場","高改旗南分場","高改旗南分場","高改旗南分場","高改旗南分场"
"82A750","茶改北部分場","North Branch Of TBRS","茶改北部分場","茶改北部分場","茶改北部分場","茶改北部分場","茶改北部分场"
"82C160","茶改場","Tea And Beverage Research Station","茶改場","茶改場","茶改場","茶改場","茶改场"
"82H320","茶改中部分場","Middle Branch Of TRES","茶改中部分場","茶改中部分場","茶改中部分場","茶改中部分場","茶改中部分场"
"82H840","茶改南部分場","South Branch Of TBRS","茶改南部分場","茶改南部分場","茶改南部分場","茶改南部分場","茶改南部分场"
"82S580","茶改東部分場","East Branch Of TBRS","茶改東部分場","茶改東部分場","茶改東部分場","茶改東部分場","茶改东部分场"
"A2C560","農工中心","農工中心","農工中心","農工中心","農工中心","農工中心","农工中心"
"A2K360","水試臺西試驗場","Taixi Experimental Fishing Ground","水試臺西試驗場","水試臺西試驗場","水試臺西試驗場","水試臺西試驗場","水改台西试验场"
"A2K630","臺大雲林校區","Yunlin Branch Of NTU","臺大雲林校區","臺大雲林校區","臺大雲林校區","臺大雲林校區","台大云林校区"
"A2N290","臺南蘭花園區","Taiwan Orchid","臺南蘭花園區","臺南蘭花園區","臺南蘭花園區","臺南蘭花園區","台南兰花园区"
"B2E890","畜試北區分所","North Branch Of TLRI","畜試北區分所","畜試北區分所","畜試北區分所","畜試北區分所","蓄试北区分所"
"B2N890","畜產試驗所","Hsin Hua","畜產試驗所","畜產試驗所","畜產試驗所","畜產試驗所","畜产试验所"
"B2Q810","畜試南區分所","South Branch Of TLRI","畜試南區分所","畜試南區分所","畜試南區分所","畜試南區分所","蓄试南区分所"
"B2U990","畜試東區分所","East Branch Of TLRI","畜試東區分所","畜試東區分所","畜試東區分所","畜試東區分所","蓄试东区分所"
"C2A540","四堵","Sihdu","四堵","四堵","四堵","四堵","四堵"
"C2A560","福山","Fushan","福山","福山","福山","福山","福山"
"C2A650","火燒寮","Huoshaoliao","火燒寮","火燒寮","火燒寮","火燒寮","火烧寮"
"C2A660","瑞芳","Rueifang","瑞芳","瑞芳","瑞芳","瑞芳","瑞芳"
"C2A880","福隆","Fulong","福隆","福隆","福隆","福隆","福隆"
"C2A920","富貴角","Fugueijiao","富貴角","富貴角","富貴角","富貴角","富贵角"
"C2C410","中央大學","Ncu","中央大学","中央大學","中央大學","中央大學","中央大学"
"C2D720","關西工作站","Guanxi Experiment Station","關西工作站","關西工作站","關西工作站","關西工作站","关西工作站"
"C2D730","寶山農場","Baoshan Farm","寶山農場","寶山農場","寶山農場","寶山農場","宝山农场"
"C2D740","屯原","Tunyuan","屯原","屯原","屯原","屯原","屯原"
"C2E520","大湖","Dahu","大湖","大湖","大湖","大湖","大湖"
"C2E540","龍溪","Longxi","龍溪","龍溪","龍溪","龍溪","龙溪"
"C2E880","三義","Sanyi","三義","三義","三義","三義","三义"
"C2E970","八甲","Bajia","八甲","八甲","八甲","八甲","八甲"
"C2F000","大肚","Dadu","大肚","大肚","大肚","大肚","大肚"
"C2F860","梨山","Lishan","梨山","梨山","梨山","梨山","梨山"
"C2F930","大甲","Dajia","大甲","大甲","大甲","大甲","大甲"
"C2F990","摩天嶺","Motianling","摩天嶺","摩天嶺","摩天嶺","摩天嶺","摩天岭"
"C2F9A0","中竹林","Zhongzhulin","中竹林","中竹林","中竹林","中竹林","中竹林"
"C2FA00","烏石坑","Wushihkeng","烏石坑","烏石坑","烏石坑","烏石坑","乌石坑"
"C2FB50","出雲","Chuyun","出雲","出雲","出雲","出雲","出云"
"C2FB60","頭櫃山","Touguishan","頭櫃山","頭櫃山","頭櫃山","頭櫃山","头柜山"
"C2G640","鹿港","Lukang","鹿港","鹿港","鹿港","鹿港","鹿港"
"C2G840","北斗","Beidou","北斗","北斗","北斗","北斗","北斗"
"C2G870","芳苑","Fangyuan","芳苑","芳苑","芳苑","芳苑","芳苑"
"C2G980","田頭村","Toutian Village","田頭村","田頭村","田頭村","田頭村","田头村"
"C2G9A0","畜試所彰化","Changhua Branch Of TLRI","畜試所彰化","畜試所彰化","畜試所彰化","畜試所彰化","蓄试所彰化"
"C2H950","中寮","Zhongliao","中寮","中寮","中寮","中寮","中寮"
"C2H9D0","三隻寮","Sanziliao","三隻寮","三隻寮","三隻寮","三隻寮","三只寮"
"C2H9E0","國姓南港","Guoxing Nangang","國姓南港","國姓南港","國姓南港","國姓南港","国姓南港"
"C2H9F0","柑林","Ganlin","柑林","柑林","柑林","柑林","柑林"
"C2H9G0","百勝","Bosheng","百勝","百勝","百勝","百勝","百胜"
"C2H9H0","苗改南投蜂場","Nantou Bee Farm Of Miaoli TARI","苗改南投蜂場","苗改南投蜂場","苗改南投蜂場","苗改南投蜂場","苗改南投蜂场"
"C2H9J0","中台","Zhongtai","中台","中台","中台","中台","中台"
"C2H9L0","馬烈霸","Malieba","馬烈霸","馬烈霸","馬烈霸","馬烈霸","马烈霸"
"C2H9M0","發祥","Faxiang","發祥","發祥","發祥","發祥","发祥"
"C2H9N0","仁愛東眼","Renaidong","仁愛東眼","仁愛東眼","仁愛東眼","仁愛東眼","仁爱东眼"
"C2H9P0","伊拿谷","Yinagu","伊拿谷","伊拿谷","伊拿谷","伊拿谷","伊拿谷"
"C2H9Q0","北東眼山","Beidongyanshan","北東眼山","北東眼山","北東眼山","北東眼山","北东眼山"
"C2H9R0","卓社","Zhuoshe","卓社","卓社","卓社","卓社","卓社"
"C2H9S0","龍南","Longnan","龍南","龍南","龍南","龍南","龙南"
"C2H9T0","名間竹圍","Mingjianzhuwei","名間竹圍","名間竹圍","名間竹圍","名間竹圍","名间竹围"
"C2H9U0","鳳鵬","Fengpeng","鳳鵬","鳳鵬","鳳鵬","鳳鵬","凤鹏"
"C2H9W0","大坪頂農水","Dapingding Station","大坪頂農水","大坪頂農水","大坪頂農水","大坪頂農水","大坪顶农水"
"C2I090","鳳凰","Fenghuang","鳳凰","鳳凰","鳳凰","鳳凰","凤凰"
"C2K240","草嶺","Caoling","草嶺","草嶺","草嶺","草嶺","草岭"
"C2K610","草嶺石壁","Caolingshibi","草嶺石壁","草嶺石壁","草嶺石壁","草嶺石壁","草岭石壁"
"C2K620","馬光農場","Maguang Organic Agriculture Circular Park","馬光農場","馬光農場","馬光農場","馬光農場","马光农场"
"C2K630","荷苞","Hebao","荷苞","荷苞","荷苞","荷苞","荷苞"
"C2M410","馬頭山","Matoushan","馬頭山","馬頭山","馬頭山","馬頭山","马头山"
"C2M620","瑞里","Ruili","瑞里","瑞里","瑞里","瑞里","瑞里"
"C2M910","嘉義大學","Chiayi University","嘉義大学","嘉義大學","嘉義大學","嘉義大學","嘉义大学"
"C2M920","朴子農改","Pozi DARES","朴子農改","朴子農改","朴子農改","朴子農改","朴子农改"
"C2M930","石卓","Shizhuo","石卓","石卓","石卓","石卓","石卓"
"C2M940","日野賀","Riyehe","日野賀","日野賀","日野賀","日野賀","日野贺"
"C2M950","太和","Taihe","太和","太和","太和","太和","太和"
"C2M960","外寮","Wailiao","外寮","外寮","外寮","外寮","外寮"
"C2M970","碧湖","Bihu","碧湖","碧湖","碧湖","碧湖","碧湖"
"C2N160","西拉雅風管處","Siraya NSAH","西拉雅風管處","西拉雅風管處","西拉雅風管處","西拉雅風管處","西拉雅风管处"
"C2O810","曾文","Cengwen","曾文","曾文","曾文","曾文","曾文"
"C2O930","玉井","Yujing","玉井","玉井","玉井","玉井","玉井"
"C2O950","安南","Annan","安南","安南","安南","安南","安南"
"C2R170","屏東","Pingdong","屏東","屏東","屏東","屏東","屏东"
"C2R970","屏科大","National Pingtung University","屏科大","屏科大","屏科大","屏科大","屏科大"
"C2V250","甲仙","Jiaxian","甲仙","甲仙","甲仙","甲仙","甲仙"
"C2V260","月眉","Yuemei","月眉","月眉","月眉","月眉","月眉"
"C2V310","美濃","Meinong","美濃","美濃","美濃","美濃","美浓"
"C2W030","金門農試所","Kimmann","金門農試所","金門農試所","金門農試所","金門農試所","金门农试所"
"C2W230","畜試所澎湖","Penghu Field Area Of TLRI","畜試所澎湖","畜試所澎湖","畜試所澎湖","畜試所澎湖","蓄试所澎湖"
"CAG100","王功漁港","Wanggong Fishing Port","王功漁港","王功漁港","王功漁港","王功漁港","王功渔港"
"CAH030","茶改場竹圍站","TRES Chuwei Station","茶改場竹圍站","茶改場竹圍站","茶改場竹圍站","茶改場竹圍站","茶改场竹围站"
"CAJ050","海口故事園區","Haikou Story Camping Park","海口故事園區","海口故事園區","海口故事園區","海口故事園區","海口故事园区"
"CAL110","布袋國中","Budai Junior High School","布袋國中","布袋國中","布袋國中","布袋國中","布袋国中"
"CAN130","水試所海水繁養殖中心","Mariculture Research Center","水試所海水繁養殖中心","水試所海水繁養殖中心","水試所海水繁養殖中心","水試所海水繁養殖中心","水试所海水繁养殖中心"
"CAN140","六官養殖協會","Liuguan Aquaculture","六官養殖協會","六官養殖協會","六官養殖協會","六官養殖協會","六官养殖协会"
"CAQ030","崎峰國小","Cifong Elementary School","崎峰國小","崎峰國小","崎峰國小","崎峰國小","崎峰国小"
"E2H360","蓮華池","Lienhuchih","蓮華池","蓮華池","蓮華池","蓮華池","莲华池"
"E2HA20","林試畢祿溪站","Pilushi","林試畢祿溪站","林試畢祿溪站","林試畢祿溪站","林試畢祿溪站","林试毕禄溪站"
"E2K600","四湖植物園","Sihu Botanical Garden","四湖植物園","四湖植物園","四湖植物園","四湖植物園","四湖植物园"
"E2P980","林試六龜中心","Lioukuei Research Center ","林試六龜中心","林試六龜中心","林試六龜中心","林試六龜中心","林试六龟中心"
"E2P990","林試扇平站","Shanping","林試扇平站","林試扇平站","林試扇平站","林試扇平站","林试扇平站"
"E2S960","林試太麻里2","Taimalee2","林試太麻里2","林試太麻里2","林試太麻里2","林試太麻里2","林试太麻里2"
"E2S980","林試太麻里1","Taimalee Research Center 1","林試太麻里1","林試太麻里1","林試太麻里1","林試太麻里1","林试太麻里1"
"G2AI50","關渡","Guandu","關渡","關渡","關渡","關渡","关渡"
"G2F820","農試所(霧峰)","Taichung","農試所(霧峰)","農試所(霧峰)","農試所(霧峰)","農試所(霧峰)","农试所(雾峰)"
"G2L020","農試嘉義分所","Chiayi Sub-station Of TARI","農試嘉義分所","農試嘉義分所","農試嘉義分所","農試嘉義分所","农试嘉义分所"
"G2M350","農試溪口農場","Xikou Farm Of TARI","農試溪口農場","農試溪口農場","農試溪口農場","農試溪口農場","农试溪口农场"
"G2P820","農試鳳山分所","Fengshan Tropical Horticultural Of TARI","農試鳳山分所","農試鳳山分所","農試鳳山分所","農試鳳山分所","农试凤山分所"
"K2E360","苗栗農改場","苗栗農改場","苗栗農改場","苗栗農改場","苗栗農改場","苗栗農改場","苗栗农改场"
"K2E710","苗改生物防治研究中心","Biological Control Branch Of Miaoli TARI","苗改生物防治研究中心","苗改生物防治研究中心","苗改生物防治研究中心","苗改生物防治研究中心","苗改生物防治研究中心"
"K2F750","種苗改良場","Shin She","種苗改良場","種苗改良場","種苗改良場","種苗改良場","种苗改良场"
"U2H480","溪頭","Hsi Tou","溪頭","溪頭","溪頭","溪頭","溪头"
"U2HA30","臺大和社","NTU Exfohoshe","臺大和社","臺大和社","臺大和社","臺大和社","台大和社"
"U2HA40","臺大內茅埔","NTU Exfoneimoupu","臺大內茅埔","臺大內茅埔","臺大內茅埔","臺大內茅埔","台大內茅埔"
"U2HA50","臺大竹山","NTU Experimental Forest","臺大竹山","臺大竹山","臺大竹山","臺大竹山","台大竹山"
"V2C250","八德合作社","Bade Cooperative","八德合作社","八德合作社","八德合作社","八德合作社","八德合作社"
"V2C260","八德蔬果","Bade Fruit And Vegetable","八德蔬果","八德蔬果","八德蔬果","八德蔬果","八德蔬果"
"V2K610","大庄合作社","Dazhuang Cooperative","大庄合作社","大庄合作社","大庄合作社","大庄合作社","大庄合作社"
"V2K620","麥寮合作社","Mailiao Cooperative","麥寮合作社","麥寮合作社","麥寮合作社","麥寮合作社","麦寮合作社"
"C0A520","山佳","Shanjia","山佳","山佳","山佳","山佳","山佳"
"C0A530","坪林","Pinglin","坪林","坪林","坪林","坪林","坪林"
"C0A550","泰平","Taiping","泰平","泰平","泰平","泰平","泰平"
"C0A570","桶後","Tonghou","桶後","桶後","桶後","桶後","桶后"
"C0A640","石碇","Shihding","石碇","石碇","石碇","石碇","石碇"
"C0A770","科教館","Science Education Center ","科教館","科教館","科教館","科教館","科教馆"
"C0A860","大坪","Daping","大坪","大坪","大坪","大坪","大坪"
"C0A870","五指山","Wujhihshan","五指山","五指山","五指山","五指山","五指山"
"C0A890","雙溪","Shuangsi","双渓","雙溪","雙溪","雙溪","双溪"
"C0A931","三和","Sanhe","三和","三和","三和","三和","三和"
"C0A940","金山","Jinshan","金山","金山","金山","金山","金山"
"C0A950","鼻頭角","Bitoujiao","鼻頭角","鼻頭角","鼻頭角","鼻頭角","鼻头角"
"C0A970","三貂角","Sandiaojiao","三貂角","三貂角","三貂角","三貂角","三貂角"
"C0A980","社子","Shezih","社子","社子","社子","社子","社子"
"C0A9C0","天母","Tianmu","天母","天母","天母","天母","天母"
"C0A9F0","內湖","Neihu","内湖","內湖","內湖","內湖","内湖"
"C0AC40","大屯山","Datunshan","大屯山","大屯山","大屯山","大屯山","大屯山"
"C0AC60","三峽","Sanshia","三峡","三峽","三峽","三峽","三峡"
"C0AC70","信義","Xinyi","信義","信義","信義","信義","信义"
"C0AC80","文山","Wenshan","文山","文山","文山","文山","文山"
"C0ACA0","新莊","Xinzhuang","新荘","新莊","新莊","新莊","新庄"
"C0AD10","八里","Bali","八里","八里","八里","八里","八里"
"C0AD30","蘆洲","Lujhou","蘆洲","蘆洲","蘆洲","蘆洲","芦洲"
"C0AD40","土城","Tucheng","土城","土城","土城","土城","土城"
"C0AD50","鶯歌","Yingge","鶯歌","鶯歌","鶯歌","鶯歌","莺歌"
"C0AG80","中和","Zhonghe","中和","中和","中和","中和","中和"
"C0AH00","汐止","Xizhi","汐止","汐止","汐止","汐止","汐止"
"C0AH10","永和","Yonghe","永和","永和","永和","永和","永和"
"C0AH30","五分山","Wufengshan","五分山","五分山","五分山","五分山","五分山"
"C0AH40","平等","Pingdeng","平等","平等","平等","平等","平等"
"C0AH50","林口","Linkou","林口","林口","林口","林口","林口"
"C0AH70","松山","Songshan","松山","松山","松山","松山","松山"
"C0AH80","深坑","Shenkeng","深坑","深坑","深坑","深坑","深坑"
"C0AH90","福山植物園","Fushan Botanical Garden","福山植物園","福山植物園","福山植物園","福山植物園","福山植物园"
"C0AI00","五股","Wugu","五股","五股","五股","五股","五股"
"C0AI10","屈尺","Quchi","屈尺","屈尺","屈尺","屈尺","屈尺"
"C0AI20","白沙灣","Baishawan","白沙灣","白沙灣","白沙灣","白沙灣","白沙湾"
"C0AI30","三重","Sanchong","三重","三重","三重","三重","三重"
"C0AI40","石牌","Shipai","石牌","石牌","石牌","石牌","石牌"
"C0AJ20","野柳","Yehliou","野柳","野柳","野柳","野柳","野柳"
"C0AJ30","淡水觀海","Danshuei Guanhai","淡水觀海","淡水觀海","淡水觀海","淡水觀海","淡水观海"
"C0AJ40","石門","Shimen","石門","石門","石門","石門","石门"
"C0AJ50","水湳洞","Shuinandong","水湳洞","水湳洞","水湳洞","水湳洞","水湳洞"
"C0AJ60","六塊厝","Lioukuaitsuo","六塊厝","六塊厝","六塊厝","六塊厝","六块厝"
"C0AJ70","田寮","Tianliao","田寮","田寮","田寮","田寮","田寮"
"C0AJ80","板橋","Banchiao","板橋","板橋","板橋","板橋","板桥"
"C0AJ90","澳底","Aodi","澳底","澳底","澳底","澳底","澳底"
"C0AK10","太平里","Taiping Vil.","太平里","太平里","太平里","太平里","太平里"
"C0AK30","硬漢嶺","Yinghanling","硬漢嶺","硬漢嶺","硬漢嶺","硬漢嶺","硬汉岭"
"C0B010","七堵","Qidu","七堵","七堵","七堵","七堵","七堵"
"C0B020","基隆嶼","Keelung Islet","基隆嶼","基隆嶼","基隆嶼","基隆嶼","基隆屿"
"C0B040","大武崙","Dawulun","大武崙","大武崙","大武崙","大武崙","大武仑"
"C0B050","八斗子","Badouzi","八斗子","八斗子","八斗子","八斗子","八斗子"
"C0B060","暖暖","Nuannuan","暖暖","暖暖","暖暖","暖暖","暖暖"
"C0C460","復興","Fuxing","復興","復興","復興","復興","复兴"
"C0C480","桃園","Taoyuan","桃園","桃園","桃園","桃園","桃园"
"C0C490","八德","Bade","八徳","八德","八德","八德","八德"
"C0C590","觀音","Guanyin","観音","觀音","觀音","觀音","观音"
"C0C620","蘆竹","Luzhu","蘆竹","蘆竹","蘆竹","蘆竹","芦竹"
"C0C630","大溪","Dasi","大渓","大溪","大溪","大溪","大溪"
"C0C650","平鎮","Pingjhen","平鎮","平鎮","平鎮","平鎮","平镇"
"C0C660","楊梅","Yangmei","楊梅","楊梅","楊梅","楊梅","杨梅"
"C0C670","龍潭","Longtan","龍潭","龍潭","龍潭","龍潭","龙潭"
"C0C680","龜山","Guishan","亀山","龜山","龜山","龜山","龟山"
"C0C700","中壢","Zhongli","中壢","中壢","中壢","中壢","中坜"
"C0C710","大溪永福","Yongfu Daxi","大溪永福","大溪永福","大溪永福","大溪永福","大溪永福"
"C0C720","竹圍","Jhuwei","竹圍","竹圍","竹圍","竹圍","竹围"
"C0C730","中大臨海站","Jhongda Coastal Station","中大臨海站","中大臨海站","中大臨海站","中大臨海站","中大临海站"
"C0C740","觀音工業區","Guanyin Industrial Area","觀音工業區","觀音工業區","觀音工業區","觀音工業區","观音工业区"
"C0C750","新興坑尾","Sinsingkengwei","新興坑尾","新興坑尾","新興坑尾","新興坑尾","新兴坑尾"
"C0C790","東眼山","Dongyanshan","東眼山","東眼山","東眼山","東眼山","东眼山"
"C0C800","四稜","Sileng","四稜","四稜","四稜","四稜","四棱"
"C0D360","梅花","Meihua","梅花","梅花","梅花","梅花","梅花"
"C0D430","峨眉","Emei","峨眉","峨眉","峨眉","峨眉","峨眉"
"C0D480","打鐵坑","Datiekeng","打鐵坑","打鐵坑","打鐵坑","打鐵坑","打铁坑"
"C0D540","橫山","Hengshan","横山","橫山","橫山","橫山","横山"
"C0D550","雪霸","Xueba","雪霸","雪霸","雪霸","雪霸","雪霸"
"C0D560","竹東","Zhudong","竹東","竹東","竹東","竹東","竹东"
"C0D580","寶山","Baoshan","宝山","寶山","寶山","寶山","宝山"
"C0D590","新豐","Sinfong","新豊","新豐","新豐","新豐","新丰"
"C0D650","湖口","Hukou","湖口","湖口","湖口","湖口","湖口"
"C0D660","新竹市東區","Dongqu Hsinshu City","新竹市東區","新竹市東區","新竹市東區","新竹市東區","新竹市东区"
"C0D670","海天一線","Haitianyisian","海天一線","海天一線","海天一線","海天一線","海天一线"
"C0D680","香山濕地","Siangshan Wetland","香山濕地","香山濕地","香山濕地","香山濕地","香山湿地"
"C0D690","外湖","Waihu","外湖","外湖","外湖","外湖","外湖"
"C0D700","關西","Guanxi","関西","關西","關西","關西","关西"
"C0D750","樂山林道6k","Leshan 6k","樂山林道6k","樂山林道6k","樂山林道6k","樂山林道6k","乐林山道6K"
"C0D760","大坪苗圃","Daping Nurserygarden","大坪苗圃","大坪苗圃","大坪苗圃","大坪苗圃","大坪苗圃"
"C0E420","竹南","Jhunan","竹南","竹南","竹南","竹南","竹南"
"C0E430","南庄","Nanzhuang","南庄","南庄","南庄","南庄","南庄"
"C0E550","明德","Mingde","明德","明德","明德","明德","明德"
"C0E570","白沙屯","Baishatun","白沙屯","白沙屯","白沙屯","白沙屯","白沙屯"
"C0E590","通霄","Tongxiao","通霄","通霄","通霄","通霄","通宵"
"C0E610","馬都安","Madu-An","馬都安","馬都安","馬都安","馬都安","马都安"
"C0E730","頭份","Toufen","頭份","頭份","頭份","頭份","头份"
"C0E740","造橋","Zaoqiao","造橋","造橋","造橋","造橋","造桥"
"C0E750","苗栗","Miaoli","苗栗","苗栗","苗栗","苗栗","苗栗"
"C0E780","銅鑼","Tongluo","銅鑼","銅鑼","銅鑼","銅鑼","铜锣"
"C0E791","卓蘭","Zhuolan","卓蘭","卓蘭","卓蘭","卓蘭","卓兰"
"C0E810","西湖","Xihu","西湖","西湖","西湖","西湖","西湖"
"C0E820","獅潭","Shitan","獅潭","獅潭","獅潭","獅潭","狮潭"
"C0E830","苑裡","Yuanli","苑裡","苑裡","苑裡","苑裡","苑里"
"C0E850","大河","Dahe","大河","大河","大河","大河","大河"
"C0E870","高鐵苗栗","THSR Miaoli","高鐵苗栗","高鐵苗栗","高鐵苗栗","高鐵苗栗","高铁苗栗"
"C0E910","海埔","Haipu","海埔","海埔","海埔","海埔","海埔"
"C0E920","通霄漁港","Tongsiao Fishing Harbor","通霄漁港","通霄漁港","通霄漁港","通霄漁港","通宵渔港"
"C0E930","龍鳳","Longfong","龍鳳","龍鳳","龍鳳","龍鳳","龙凤"
"C0E940","雪見","Shiuejian","雪見","雪見","雪見","雪見","雪见"
"C0E950","松安","Songan","松安","松安","松安","松安","松安"
"C0E960","觀霧分站","Guanwu","觀霧分站","觀霧分站","觀霧分站","觀霧分站","观雾分站"
"C0F0A0","雪山圈谷","Xueshanjuangu","雪山圈谷","雪山圈谷","雪山圈谷","雪山圈谷","雪山圈谷"
"C0F0B0","石岡","Shigang","石岡","石岡","石岡","石岡","石冈"
"C0F0C0","中坑","Zhongkeng","中坑","中坑","中坑","中坑","中坑"
"C0F0D0","審馬陣","Shenmazhen","審馬陣","審馬陣","審馬陣","審馬陣","审马阵"
"C0F0E0","南湖圈谷","Nanhuquangu","南湖圈谷","南湖圈谷","南湖圈谷","南湖圈谷","南胡圈谷"
"C0F850","東勢","Dongshi","東勢","東勢","東勢","東勢","东势"
"C0F970","大坑","Dakeng","大坑","大坑","大坑","大坑","大坑"
"C0F9I0","神岡","Shengang","神岡","神岡","神岡","神岡","神冈"
"C0F9K0","大安","Da-An","大安","大安","大安","大安","大安"
"C0F9L0","后里","Houli","后里","后里","后里","后里","后里"
"C0F9M0","豐原","Fengyuan","豊原","豐原","豐原","豐原","丰原"
"C0F9N0","大里","Dali","大里","大里","大里","大里","大里"
"C0F9O0","潭子","Tanzi","潭子","潭子","潭子","潭子","潭子"
"C0F9P0","清水","Qingshui","清水","清水","清水","清水","清水"
"C0F9Q0","外埔","Waipu","外埔","外埔","外埔","外埔","外埔"
"C0F9R0","龍井","Longjing","龍井","龍井","龍井","龍井","龙井"
"C0F9S0","烏日","Wuri","烏日","烏日","烏日","烏日","乌日"
"C0F9T0","西屯","Xitun","西屯","西屯","西屯","西屯","西屯"
"C0F9U0","南屯","Nantun","南屯","南屯","南屯","南屯","南屯"
"C0F9V0","新社","Xinshe","新社","新社","新社","新社","新社"
"C0F9X0","大雅(中科園區)","Daya","大雅(中科園區)","大雅(中科園區)","大雅(中科園區)","大雅(中科園區)","大雅(中科园区)"
"C0F9Y0","桃山","Taoshan","桃山","桃山","桃山","桃山","桃山"
"C0F9Z0","雪山東峰","Xueshandongfeng","雪山東峰","雪山東峰","雪山東峰","雪山東峰","雪山东峰"
"C0FA10","松柏","Songbai","松柏","松柏","松柏","松柏","松柏"
"C0FA20","溫寮","Wunliao","溫寮","溫寮","溫寮","溫寮","温寮"
"C0FA30","梧棲","Wuqi","梧棲","梧棲","梧棲","梧棲","梧栖"
"C0FA40","臺中電廠","Taichung?Power Plant","臺中電廠","臺中電廠","臺中電廠","臺中電廠","台中电厂"
"C0FA50","霧峰","Wufeng","霧峰","霧峰","霧峰","霧峰","雾峰"
"C0FA60","鞍馬山工作站","Anmashan Office","鞍馬山工作站","鞍馬山工作站","鞍馬山工作站","鞍馬山工作站","鞍马山工作站"
"C0FA70","大雪山埡口","Dashiueshan Yakou","大雪山埡口","大雪山埡口","大雪山埡口","大雪山埡口","大雪山哑口"
"C0FA80","小雪山天池","Shiaushiueshan Tianchr","小雪山天池","小雪山天池","小雪山天池","小雪山天池","小雪山天池"
"C0FA90","小雪山林道","Shiaushiueshan","小雪山林道","小雪山林道","小雪山林道","小雪山林道","小雪山林道"
"C0FB00","大雪山","Dashiueshan","大雪山","大雪山","大雪山","大雪山","大雪山"
"C0FB10","出雲山苗圃","Chuyunshan","出雲山苗圃","出雲山苗圃","出雲山苗圃","出雲山苗圃","出云山苗圃"
"C0FB20","雪山橋","Shiueshanchiau","雪山橋","雪山橋","雪山橋","雪山橋","雪山桥"
"C0FB30","八仙山苗圃","Bashianshan","八仙山苗圃","八仙山苗圃","八仙山苗圃","八仙山苗圃","八仙山苗圃"
"C0FB40","中橫21.6k","Chungheng 21.6k","中橫21.6k","中橫21.6k","中橫21.6k","中橫21.6k","中橫21.6K"
"C0FB70","大甲溪埔","Dajia, Xipu","大甲溪埔","大甲溪埔","大甲溪埔","大甲溪埔","大甲溪埔"
"C0G620","芬園","Fenyuan","芬園","芬園","芬園","芬園","芬园"
"C0G650","員林","Yuanlin","員林","員林","員林","員林","员林"
"C0G660","溪湖","Xihu","渓湖","溪湖","溪湖","溪湖","溪湖"
"C0G720","溪州","Xizhou","渓州","溪州","溪州","溪州","溪洲"
"C0G730","二林","Erlin","二林","二林","二林","二林","二林"
"C0G740","大城","Dacheng","大城","大城","大城","大城","大城"
"C0G770","福興","Fuxing","福興","福興","福興","福興","福兴"
"C0G780","秀水","Xiushui","秀水","秀水","秀水","秀水","秀水"
"C0G800","埔鹽","Puyan","埔塩","埔鹽","埔鹽","埔鹽","埔盐"
"C0G810","埔心","Puxin","埔心","埔心","埔心","埔心","埔心"
"C0G820","田尾","Tianwei","田尾","田尾","田尾","田尾","田尾"
"C0G830","埤頭","Pitou","埤頭","埤頭","埤頭","埤頭","埤头"
"C0G860","社頭","Shetou","社頭","社頭","社頭","社頭","社头"
"C0G880","二水","Ershui","二水","二水","二水","二水","二水"
"C0G890","伸港","Shenggang","伸港","伸港","伸港","伸港","伸港"
"C0G900","線西","Xianxi","線西","線西","線西","線西","线西"
"C0G910","花壇","Huatan","花壇","花壇","花壇","花壇","花坛"
"C0G920","永靖","Yongjing ","永靖","永靖","永靖","永靖","永靖"
"C0G940","竹塘","Zhutang","竹塘","竹塘","竹塘","竹塘","竹塘"
"C0G950","防潮門","Fangchaomen","防潮門","防潮門","防潮門","防潮門","防潮门"
"C0G960","福寶","Fubao","福寶","福寶","福寶","福寶","福宝"
"C0G970","三豐","Sanfong","三豐","三豐","三豐","三豐","三丰"
"C0G9B0","和美","Hemei","和美","和美","和美","和美","和美"
"C0H890","埔里","Puli","埔里","埔里","埔里","埔里","埔里"
"C0H960","草屯","Caotun","草屯","草屯","草屯","草屯","草屯"
"C0H990","昆陽","Kunyang","昆陽","昆陽","昆陽","昆陽","昆阳"
"C0H9A0","神木村","Shenmu Village","神木村","神木村","神木村","神木村","神木村"
"C0H9C0","合歡山","Hehuan Mountain","合歡山","合歡山","合歡山","合歡山","合欢山"
"C0I010","廬山","Lushan","廬山","廬山","廬山","廬山","庐山"
"C0I080","信義","Xinyi","信義","信義","信義","信義","信义"
"C0I110","竹山","Zhushan","竹山","竹山","竹山","竹山","竹山"
"C0I360","水里","Shuili","水里","水里","水里","水里","水里"
"C0I370","魚池","Yuchi","魚池","魚池","魚池","魚池","鱼池"
"C0I380","集集","Jiji","集集","集集","集集","集集","集集"
"C0I390","仁愛","Ren'Ai","仁愛","仁愛","仁愛","仁愛","仁爱"
"C0I410","名間","Mingjian","名間","名間","名間","名間","名间"
"C0I420","國姓","Guoxing","国姓","國姓","國姓","國姓","国姓"
"C0I460","南投","Nantou","南投","南投","南投","南投","南投"
"C0I480","梅峰","Meifeng","梅峰","梅峰","梅峰","梅峰","梅峰"
"C0I490","萬大林道","Wandalindao","萬大林道","萬大林道","萬大林道","萬大林道","万大林道"
"C0I520","玉山風口","Yushanfengkou","玉山風口","玉山風口","玉山風口","玉山風口","玉山风口"
"C0I530","小奇萊","Xiaoqilai","小奇萊","小奇萊","小奇萊","小奇萊","小奇莱"
"C0I540","奇萊稜線","Qilailengxian","奇萊稜線","奇萊稜線","奇萊稜線","奇萊稜線","奇莱棱线"
"C0K250","崙背","Lunbei","崙背","崙背","崙背","崙背","仑背"
"C0K280","四湖","Sihu","四湖","四湖","四湖","四湖","四湖"
"C0K291","宜梧","Yiwu","宜梧","宜梧","宜梧","宜梧","宜梧"
"C0K330","虎尾","Huwei","虎尾","虎尾","虎尾","虎尾","虎尾"
"C0K390","土庫","Tuku","土庫","土庫","土庫","土庫","土库"
"C0K400","斗六","Douliu","斗六","斗六","斗六","斗六","斗六"
"C0K410","北港","Beigang","北港","北港","北港","北港","北港"
"C0K420","西螺","Xiluo","西螺","西螺","西螺","西螺","西螺"
"C0K430","褒忠","Baozhong","褒忠","褒忠","褒忠","褒忠","褒忠"
"C0K440","二崙","Erlun","二崙","二崙","二崙","二崙","二仑"
"C0K450","大埤","Dapi","大埤","大埤","大埤","大埤","大埤"
"C0K460","斗南","Dounan","斗南","斗南","斗南","斗南","鬥南"
"C0K470","林內","Linnei","林内","林內","林內","林內","林內"
"C0K480","莿桐","Citong","莿桐","莿桐","莿桐","莿桐","莿桐"
"C0K500","元長","Yuanchang","元長","元長","元長","元長","元长"
"C0K510","水林","Shuilin","水林","水林","水林","水林","水林"
"C0K530","臺西","Taixi","台西","臺西","臺西","臺西","台西"
"C0K550","蔦松","Niaosong","蔦松","蔦松","蔦松","蔦松","茑松"
"C0K560","棋山","Qishan","棋山","棋山","棋山","棋山","棋山"
"C0K580","高鐵雲林","THSR Yunlin","高鐵雲林","高鐵雲林","高鐵雲林","高鐵雲林","高铁云林"
"C0K590","雲林東勢","Dongshi, Yunlin County","雲林東勢","雲林東勢","雲林東勢","雲林東勢","云林东势"
"C0K600","箔子寮","Bozihliao","箔子寮","箔子寮","箔子寮","箔子寮","箔子寮"
"C0M520","東後寮","Donghouliao","東後寮","東後寮","東後寮","東後寮","东后寮"
"C0M530","奮起湖","Fenqihu","奮起湖","奮起湖","奮起湖","奮起湖","奋起湖"
"C0M640","中埔","Zhongpu","中埔","中埔","中埔","中埔","中埔"
"C0M650","朴子","Puzi","朴子","朴子","朴子","朴子","朴子"
"C0M660","溪口","Xikou","渓口","溪口","溪口","溪口","溪口"
"C0M670","大林","Dalin","大林","大林","大林","大林","大林"
"C0M680","太保","Taibao","太保","太保","太保","太保","太保"
"C0M690","水上","Shuishang","水上","水上","水上","水上","水上"
"C0M700","竹崎","Zhuqi","竹崎","竹崎","竹崎","竹崎","竹崎"
"C0M710","東石","Dongshi","東石","東石","東石","東石","东石"
"C0M720","番路","Fanlu","番路","番路","番路","番路","番路"
"C0M730","嘉義市東區","Dongqu Chiayi City","嘉義市東區","嘉義市東區","嘉義市東區","嘉義市東區","嘉义市东区"
"C0M740","六腳","Liujiao","六脚","六腳","六腳","六腳","六脚"
"C0M750","布袋","Budai","布袋","布袋","布袋","布袋","布袋"
"C0M760","民雄","Minxiong","民雄","民雄","民雄","民雄","民雄"
"C0M770","嘉義梅山","Meishan Chiayi County","嘉義梅山","嘉義梅山","嘉義梅山","嘉義梅山","嘉义梅山"
"C0M780","鹿草","Lucao","鹿草","鹿草","鹿草","鹿草","鹿草"
"C0M790","新港","Xingang","新港","新港","新港","新港","新港"
"C0M800","茶山","Chashan","茶山","茶山","茶山","茶山","茶山"
"C0M810","里佳","Lijia","里佳","里佳","里佳","里佳","里佳"
"C0M820","達邦","Dabang","達邦","達邦","達邦","達邦","达邦"
"C0M850","表湖","Biaohu","表湖","表湖","表湖","表湖","表湖"
"C0M860","新美","Shinmei","新美","新美","新美","新美","新美"
"C0M880","好美里","Haomeili","好美里","好美里","好美里","好美里","好美里"
"C0N010","鯤鯓國小","Kunshen Elementary School","鯤鯓國小","鯤鯓國小","鯤鯓國小","鯤鯓國小","鲲鯓国小"
"C0N020","城西","Chengsi","城西","城西","城西","城西","城西"
"C0N030","四草","Sihtsao","四草","四草","四草","四草","四草"
"C0N040","蘆竹溝","Lujhugou","蘆竹溝","蘆竹溝","蘆竹溝","蘆竹溝","蘆竹溝"
"C0N050","蚵寮","Eliao","蚵寮","蚵寮","蚵寮","蚵寮","蚵寮"
"C0O830","北寮","Beiliao","北寮","北寮","北寮","北寮","北寮"
"C0O840","王爺宮","Wangyegong","王爺宮","王爺宮","王爺宮","王爺宮","王爺宮"
"C0O860","大內","Danei","大内","大內","大內","大內","大内"
"C0O900","善化","Shanhua","善化","善化","善化","善化","善化"
"C0O960","崎頂","Qiding","崎頂","崎頂","崎頂","崎頂","崎頂"
"C0O970","虎頭埤","Hutoupi","虎頭埤","虎頭埤","虎頭埤","虎頭埤","虎頭埤"
"C0O980","新市","Xinshi","新市","新市","新市","新市","新市"
"C0O990","媽廟","Mamiao","媽廟","媽廟","媽廟","媽廟","媽廟"
"C0R100","尾寮山","Weiliaoshan","尾寮山","尾寮山","尾寮山","尾寮山","尾寮山"
"C0R130","阿禮","Ali","阿禮","阿禮","阿禮","阿禮","阿禮"
"C0R140","瑪家","Majia","瑪家","瑪家","瑪家","瑪家","玛家"
"C0R150","三地門","Sandimen","三地門","三地門","三地門","三地門","三地门"
"C0R160","鹽埔","Yanpuxinwei","塩埔","鹽埔","鹽埔","鹽埔","盐埔"
"C0R190","赤山","Chishan","赤山","赤山","赤山","赤山","赤山"
"C0R220","潮州","Chaojhou","潮州","潮州","潮州","潮州","潮州"
"C0R240","來義","Laiyi","来義","來義","來義","來義","来义"
"C0R260","春日","Chunri","春日","春日","春日","春日","春日"
"C0R270","琉球嶼","Liouciouyu","琉球嶼","琉球嶼","琉球嶼","琉球嶼","琉球嶼"
"C0R280","檳榔","Binlang","檳榔","檳榔","檳榔","檳榔","檳榔"
"C0R320","車城","Checheng","車城","車城","車城","車城","车城"
"C0R341","牡丹","Mudan","牡丹","牡丹","牡丹","牡丹","牡丹"
"C0R350","貓鼻頭","Maobitou","貓鼻頭","貓鼻頭","貓鼻頭","貓鼻頭","猫鼻头"
"C0R440","大漢山","Dahanshan","大漢山","大漢山","大漢山","大漢山","大汉山"
"C0R470","高樹","Gaoshu","高樹","高樹","高樹","高樹","高树"
"C0R480","長治","Changzhi","長治","長治","長治","長治","长治"
"C0R490","九如","Jiuru","九如","九如","九如","九如","九如"
"C0R520","崁頂","Kanding","崁頂","崁頂","崁頂","崁頂","崁顶"
"C0R540","佳冬","Jiadong","佳冬","佳冬","佳冬","佳冬","佳冬"
"C0R550","新埤","Xinpi","新埤","新埤","新埤","新埤","新埤"
"C0R560","新園","Xinyuan","新園","新園","新園","新園","新园"
"C0R570","麟洛","Linluo","麟洛","麟洛","麟洛","麟洛","麟洛"
"C0R580","南州","Nanzhou","南州","南州","南州","南州","南州"
"C0R590","里港","Ligang","里港","里港","里港","里港","里港"
"C0R600","舊泰武","Jiutaiwu","舊泰武","舊泰武","舊泰武","舊泰武","旧泰武"
"C0R620","墾雷","Kenlei","墾雷","墾雷","墾雷","墾雷","垦雷"
"C0R640","東港","Donggang","東港","東港","東港","東港","东港"
"C0R650","竹田","Zhutian","竹田","竹田","竹田","竹田","竹田"
"C0R660","枋寮","Fangliao","枋寮","枋寮","枋寮","枋寮","枋寮"
"C0R670","楓港","Fenggang","楓港","楓港","楓港","楓港","枫港"
"C0R680","佳樂水","Jialeshui","佳樂水","佳樂水","佳樂水","佳樂水","佳乐水"
"C0R690","墾丁","Kenting","墾丁","墾丁","墾丁","墾丁","垦丁"
"C0R700","枋山","Fangshan","枋山","枋山","枋山","枋山","枋山"
"C0R710","龍磐","Longpan","龍磐","龍磐","龍磐","龍磐","龙磐"
"C0R720","旭海","Xuhai","旭海","旭海","旭海","旭海","旭海"
"C0R730","大坪頂","Dapingding","大坪頂","大坪頂","大坪頂","大坪頂","大坪顶"
"C0R741","獅子","Shizi","獅子","獅子","獅子","獅子","狮子"
"C0R750","四林格山","Silingeshan","四林格山","四林格山","四林格山","四林格山","四林格山"
"C0R760","南仁湖","Nanrenhu","南仁湖","南仁湖","南仁湖","南仁湖","南仁湖"
"C0R770","保力","Baoli","保力","保力","保力","保力","保力"
"C0R780","滿州","Manzhou","満州","滿州","滿州","滿州","满州"
"C0R790","九棚","Jiupeng","九棚","九棚","九棚","九棚","九棚"
"C0R800","丹路","Danlu","丹路","丹路","丹路","丹路","丹路"
"C0R810","內獅","Neishi","內獅","內獅","內獅","內獅","内狮"
"C0R820","白鷺","Bailu","白鷺","白鷺","白鷺","白鷺","白鹭"
"C0R830","高士","Gaoshi","高士","高士","高士","高士","高士"
"C0R840","牡丹池山","Mudanchisahn","牡丹池山","牡丹池山","牡丹池山","牡丹池山","牡丹池山"
"C0R850","林邊","Linbian","林辺","林邊","林邊","林邊","林边"
"C0R860","鼻頭","Bitou","鼻頭","鼻頭","鼻頭","鼻頭","鼻头"
"C0R870","興海","Singhai","興海","興海","興海","興海","兴海"
"C0R880","後壁湖","Houbihu","後壁湖","後壁湖","後壁湖","後壁湖","后壁湖"
"C0R890","山海","Shanhai","山海","山海","山海","山海","山海"
"C0R900","竹坑","Jhukeng","竹坑","竹坑","竹坑","竹坑","竹坑"
"C0R910","下寮","Sialiao","下寮","下寮","下寮","下寮","下寮"
"C0R920","塭仔","Wunzai","塭仔","塭仔","塭仔","塭仔","塭仔"
"C0R930","萬丹","Wandan","万丹","萬丹","萬丹","萬丹","万丹"
"C0R940","加祿堂","Jialutang","加祿堂","加祿堂","加祿堂","加祿堂","加禄堂"
"C0R950","萬隆國小","Wanlongguoxiao","萬隆國小","萬隆國小","萬隆國小","萬隆國小","万隆国小"
"C0R960","內埔","Neipu","内埔","內埔","內埔","內埔","内埔"
"C0S660","下馬","Xiama","下馬","下馬","下馬","下馬","下马"
"C0S690","太麻里","Taimali","太麻里","太麻里","太麻里","太麻里","太麻里"
"C0S700","知本","Jhihben","知本","知本","知本","知本","知本"
"C0S710","鹿野","Luye","鹿野","鹿野","鹿野","鹿野","鹿野"
"C0S730","綠島","Ludao","緑島","綠島","綠島","綠島","绿岛"
"C0S740","池上","Chihshang","池上","池上","池上","池上","池上"
"C0S750","向陽","Siangyang","向陽","向陽","向陽","向陽","向阳"
"C0S760","紅石","Hongshih","紅石","紅石","紅石","紅石","红石"
"C0S770","大溪山","Dasishan","大溪山","大溪山","大溪山","大溪山","大溪山"
"C0S790","金崙","Jinlun","金崙","金崙","金崙","金崙","金仑"
"C0S810","東河","Donghe","東河","東河","東河","東河","东河"
"C0S830","長濱","Changbin","長浜","長濱","長濱","長濱","长滨"
"C0S840","南田","Nantian","南田","南田","南田","南田","南田"
"C0S890","關山","Guanshan","関山","關山","關山","關山","关山"
"C0S900","蘭嶼高中","Lanyu High School","蘭嶼高中","蘭嶼高中","蘭嶼高中","蘭嶼高中","兰屿高中"
"C0S910","蘭嶼燈塔","Lanyu Lighthouse","蘭嶼燈塔","蘭嶼燈塔","蘭嶼燈塔","蘭嶼燈塔","兰屿灯塔"
"C0S920","金峰嘉蘭","Jialan Jinfeng","金峰嘉蘭","金峰嘉蘭","金峰嘉蘭","金峰嘉蘭","金峰嘉蘭"
"C0S930","延平","Yanping","延平","延平","延平","延平","延平"
"C0S940","石寧山","Shiningshan","石寧山","石寧山","石寧山","石寧山","石寧山"
"C0S950","七塊厝","Qikuaicuo","七塊厝","七塊厝","七塊厝","七塊厝","七塊厝"
"C0S960","香蘭","Xianglan","香蘭","香蘭","香蘭","香蘭","香蘭"
"C0S970","加津林","Jiajinlin","加津林","加津林","加津林","加津林","加津林"
"C0S980","勝林山","Shenglinshan","勝林山","勝林山","勝林山","勝林山","勝林山"
"C0S990","山豬窟","Shanzhuku","山豬窟","山豬窟","山豬窟","山豬窟","山豬窟"
"C0SA00","歷坵","Liqiu","歷坵","歷坵","歷坵","歷坵","歷坵"
"C0SA10","檳榔四格山","Binlangsigeshan","檳榔四格山","檳榔四格山","檳榔四格山","檳榔四格山","檳榔四格山"
"C0SA20","金崙山","Jinlunshan","金崙山","金崙山","金崙山","金崙山","金崙山"
"C0SA30","都歷","Duli","都歷","都歷","都歷","都歷","都歷"
"C0SA40","瑞和","Ruihe","瑞和","瑞和","瑞和","瑞和","瑞和"
"C0SA60","知本（水試所）","Zhiben (FRI)","知本（水試所）","知本（水試所）","知本（水試所）","知本（水試所）","知本（水試所）"
"C0SA80","土坂","Tuban","土坂","土坂","土坂","土坂","土坂"
"C0SA90","達仁林場","Darenlinchang","達仁林場","達仁林場","達仁林場","達仁林場","達仁林場"
"C0SB10","美和","Meihe","美和","美和","美和","美和","美和"
"C0SB20","富岡","Fugang","富岡","富岡","富岡","富岡","富岡"
"C0SB30","新蘭","Dulan Fire Brigade","新蘭","新蘭","新蘭","新蘭","新蘭"
"C0SB40","興隆"," Xinglong","興隆","興隆","興隆","興隆","興隆"
"C0SB50","叭嗡嗡","Baweng","叭嗡嗡","叭嗡嗡","叭嗡嗡","叭嗡嗡","叭嗡嗡"
"C0SB60","白守蓮","Baishoulian","白守蓮","白守蓮","白守蓮","白守蓮","白守蓮"
"C0SB70","小港漁港","Xiaogang Fishing Harbor","小港漁港","小港漁港","小港漁港","小港漁港","小港漁港"
"C0SB80","長濱漁港","Changbin Fishing Harbor","長濱漁港","長濱漁港","長濱漁港","長濱漁港","長濱漁港"
"C0T790","大禹嶺","Dayuling","大禹嶺","大禹嶺","大禹嶺","大禹嶺","大禹嶺"
"C0T820","天祥","Tianxiang","天祥","天祥","天祥","天祥","天祥"
"C0T870","鯉魚潭","Liyutan","鯉魚潭","鯉魚潭","鯉魚潭","鯉魚潭","鯉魚潭"
"C0T900","西林","Xilin","西林","西林","西林","西林","西林"
"C0T960","光復","Guangfu","光復","光復","光復","光復","光复"
"C0T9A0","月眉山","Yuemeishan","月眉山","月眉山","月眉山","月眉山","月眉山"
"C0T9B0","水源","Shuiyuan","水源","水源","水源","水源","水源"
"C0T9D0","和中","Hezhong","和中","和中","和中","和中","和中"
"C0T9E0","大坑","Dakeng","大坑","大坑","大坑","大坑","大坑"
"C0T9F0","水璉","Shuilian","水璉","水璉","水璉","水璉","水琏"
"C0T9G0","鳳林山","Fenglinshan","鳳林山","鳳林山","鳳林山","鳳林山","凤林山"
"C0T9H0","加路蘭山","Jialulanshan","加路蘭山","加路蘭山","加路蘭山","加路蘭山","加路兰山"
"C0T9I0","豐濱","Fengbin","豊浜","豐濱","豐濱","豐濱","丰滨"
"C0T9M0","靜浦","Jingpu","靜浦","靜浦","靜浦","靜浦","静埔"
"C0T9N0","富里","Fuli","富里","富里","富里","富里","富里"
"C0TA10","花蓮漁港","Hualien Fishing Harbor","花蓮漁港","花蓮漁港","花蓮漁港","花蓮漁港","花莲渔港"
"C0TA20","加灣","Jiawan","加灣","加灣","加灣","加灣","加湾"
"C0TA30","鹽寮","Yanliao","鹽寮","鹽寮","鹽寮","鹽寮","盐寮"
"C0TA40","秀林","Xiulin","秀林","秀林","秀林","秀林","秀林"
"C0TA50","和仁","Heren","和仁","和仁","和仁","和仁","和仁"
"C0TA80","立霧山","Liwushan","立霧山","立霧山","立霧山","立霧山","立雾山"
"C0U520","雙連埤","Shuanglianpi","雙連埤","雙連埤","雙連埤","雙連埤","双连埤"
"C0U600","礁溪","Chiaoshi","礁渓","礁溪","礁溪","礁溪","礁溪"
"C0U650","玉蘭","Yulan","玉蘭","玉蘭","玉蘭","玉蘭","玉兰"
"C0U710","太平山","Taipingshan","太平山","太平山","太平山","太平山","太平山"
"C0U720","南山","Nanshan","南山","南山","南山","南山","南山"
"C0U750","龜山島","Gueishandao","龜山島","龜山島","龜山島","龜山島","龟山岛"
"C0U760","東澳","Dong-Ao","東澳","東澳","東澳","東澳","东澳"
"C0U770","南澳","Nanao","南澳","南澳","南澳","南澳","南澳"
"C0U780","五結","Wujie","五結","五結","五結","五結","五结"
"C0U860","頭城","Toucheng","頭城","頭城","頭城","頭城","头城"
"C0U870","大礁溪","Dajiaoxi","大礁溪","大礁溪","大礁溪","大礁溪","大礁溪"
"C0U880","北關","Beiguan","北關","北關","北關","北關","北关"
"C0U890","三星","Sanxing","三星","三星","三星","三星","三星"
"C0U900","內城","Neicheng","內城","內城","內城","內城","内城"
"C0U910","冬山","Dongshan","冬山","冬山","冬山","冬山","冬山"
"C0U940","羅東","Luodong","羅東","羅東","羅東","羅東","罗东"
"C0U950","鶯子嶺","Yingziling","鶯子嶺","鶯子嶺","鶯子嶺","鶯子嶺","莺子岭"
"C0U960","翠峰湖","Cuifenghu","翠峰湖","翠峰湖","翠峰湖","翠峰湖","翠峰湖"
"C0U970","大福","Dafu","大福","大福","大福","大福","大福"
"C0U980","坪林石牌","Shipai Pinglin","坪林石牌","坪林石牌","坪林石牌","坪林石牌","坪林石牌"
"C0U990","員山","Yuanshan","員山","員山","員山","員山","员山"
"C0UA00","土場","Tuchang","土場","土場","土場","土場","土场"
"C0UA10","鴛鴦湖","Yuanyanghu","鴛鴦湖","鴛鴦湖","鴛鴦湖","鴛鴦湖","鸳鸯湖"
"C0UA20","多加屯","Duojiatun","多加屯","多加屯","多加屯","多加屯","多加屯"
"C0UA30","白嶺","Bailing","白嶺","白嶺","白嶺","白嶺","白岭"
"C0UA40","西德山","Xideshan","西德山","西德山","西德山","西德山","西德山"
"C0UA50","西帽山","Ximaoshan","西帽山","西帽山","西帽山","西帽山","西帽山"
"C0UA60","樟樹山","Zhangshushan","樟樹山","樟樹山","樟樹山","樟樹山","樟树山"
"C0UA70","桃源谷","Taoyuangu","桃源谷","桃源谷","桃源谷","桃源谷","桃源谷"
"C0UA80","大溪漁港","Dasi Fishing Harbor","大溪漁港","大溪漁港","大溪漁港","大溪漁港","大溪渔港"
"C0UA90","石城","Shihcheng","石城","石城","石城","石城","石城"
"C0UB00","淡江大學蘭陽校園","Tamkang Lanyang Campus","淡江大学蘭陽キャンパス","淡江大學蘭陽校園","淡江大學蘭陽校園","淡江大學蘭陽校園","淡江大学兰阳校园"
"C0UB10","蘇澳","Suao","蘇澳","蘇澳","蘇澳","蘇澳","苏澳"
"C0UB20","壯圍","Jhuangwei","壮囲","壯圍","壯圍","壯圍","壮围"
"C0UB60","明池","Mingchr","明池","明池","明池","明池","明池"
"C0UB70","太平山中間站","Jhongjian","太平山中間站","太平山中間站","太平山中間站","太平山中間站","太平山中间站"
"C0UB80","翠峰林道6K","Trifong 6k","翠峰林道6K","翠峰林道6K","翠峰林道6K","翠峰林道6K","翠峰林道6K"
"C0UB90","太平山莊","Taipingshan Villa","太平山莊","太平山莊","太平山莊","太平山莊","太平山庄"
"C0V210","復興","Fuxing","復興","復興","復興","復興","复兴"
"C0V350","溪埔","Xipu","溪埔","溪埔","溪埔","溪埔","溪埔"
"C0V360","內門","Neimen","内門","內門","內門","內門","内门"
"C0V370","古亭坑","Gutingkeng","古亭坑","古亭坑","古亭坑","古亭坑","古亭坑"
"C0V400","阿公店","Agongdian","阿公店","阿公店","阿公店","阿公店","阿公店"
"C0V440","鳳山","Fengshan","鳳山","鳳山","鳳山","鳳山","凤山"
"C0V450","鳳森","Fengsen","鳳森","鳳森","鳳森","鳳森","凤森"
"C0V490","新興","Sinsing","新興","新興","新興","新興","新兴"
"C0V530","阿蓮","Alian","阿蓮","阿蓮","阿蓮","阿蓮","阿连"
"C0V610","梓官","Ziguan","梓官","梓官","梓官","梓官","梓官"
"C0V620","永安","Yong'An","永安","永安","永安","永安","永安"
"C0V630","茄萣","Qieding","茄萣","茄萣","茄萣","茄萣","茄萣"
"C0V640","湖內","Hunei","湖内","湖內","湖內","湖內","湖内"
"C0V650","彌陀","Mituo","弥陀","彌陀","彌陀","彌陀","弥陀"
"C0V660","岡山","Gangshan","岡山","岡山","岡山","岡山","冈山"
"C0V680","仁武","Renwu","仁武","仁武","仁武","仁武","仁武"
"C0V690","鼓山","Gushan","鼓山","鼓山","鼓山","鼓山","鼓山"
"C0V700","三民","Sanmin","三民","三民","三民","三民","三民"
"C0V710","苓雅","Lingya","苓雅","苓雅","苓雅","苓雅","苓雅"
"C0V720","林園","Linyuan","林園","林園","林園","林園","林园"
"C0V730","大寮","Daliao","大寮","大寮","大寮","大寮","大寮"
"C0V740","旗山","Qishan","旗山","旗山","旗山","旗山","旗山"
"C0V750","路竹","Luzhu","路竹","路竹","路竹","路竹","路竹"
"C0V760","橋頭","Qiaotou","橋頭","橋頭","橋頭","橋頭","桥头"
"C0V770","大社","Dashe","大社","大社","大社","大社","大社"
"C0V790","萬山","Wanshan","萬山","萬山","萬山","萬山","万山"
"C0V800","六龜","Liugui","六亀","六龜","六龜","六龜","六龟"
"C0V810","左營","Zuoying","左営","左營","左營","左營","左营"
"C0V820","小林","Xiaolin","小林","小林","小林","小林","小林"
"C0V840","鳳鼻頭","Fongbitou","鳳鼻頭","鳳鼻頭","鳳鼻頭","鳳鼻頭","凤鼻头"
"C0V850","蚵仔寮","Kezailiao","蚵仔寮","蚵仔寮","蚵仔寮","蚵仔寮","蚵仔寮"
"C0V860","南寮","Nanliao","南寮","南寮","南寮","南寮","南寮"
"C0V870","文安","Wunan","文安","文安","文安","文安","文安"
"C0V880","興達","Singda","興達","興達","興達","興達","兴达"
"C0V890","前鎮","Chian Jhen","前鎮","前鎮","前鎮","前鎮","前镇"
"C0V900","汕尾","Shanwei","汕尾","汕尾","汕尾","汕尾","汕尾"
"C0V910","大樹","Dashu","大樹","大樹","大樹","大樹","大树"
"C0W110","東莒","Dongju","東莒","東莒","東莒","東莒","东莒"
"C0W120","西嶼","Xiyu","西嶼","西嶼","西嶼","西嶼","西屿"
"C0W130","花嶼","Huayu","花嶼","花嶼","花嶼","花嶼","花屿"
"C0W140","金沙","Jinsha ","金沙","金沙","金沙","金沙","金沙"
"C0W150","金寧","Jinning","金寧","金寧","金寧","金寧","金宁"
"C0W160","烏坵","Wuqiu","烏坵","烏坵","烏坵","烏坵","乌坵"
"C0W180","七美","Qimei","七美","七美","七美","七美","七美"
"C0W190","望安","Wangan","望安","望安","望安","望安","望安"
"C0W200","湖西","Husi","湖西","湖西","湖西","湖西","湖西"
"C0W220","北竿","Beigan","北竿","北竿","北竿","北竿","北竿"
"C0W240","九宮","Jiugong ","九宮","九宮","九宮","九宮","九宫"
"C0X050","東河","Donghe","東河","東河","東河","東河","东河"
"C0X060","下營","Xiaying","下営","下營","下營","下營","下营"
"C0X080","佳里","Jiali","佳里","佳里","佳里","佳里","佳里"
"C0X100","臺南市北區","Beiqu Tainan City","臺南市北區","臺南市北區","臺南市北區","臺南市北區","台南市北区"
"C0X110","臺南市南區","Nanqu Tainan City","臺南市南區","臺南市南區","臺南市南區","臺南市南區","台南市南区"
"C0X120","麻豆","Madou","麻豆","麻豆","麻豆","麻豆","麻豆"
"C0X130","官田","Guantian","官田","官田","官田","官田","官田"
"C0X140","西港","Xigang","西港","西港","西港","西港","西港"
"C0X150","安定","Anding","安定","安定","安定","安定","安定"
"C0X160","仁德","Rende","仁徳","仁德","仁德","仁德","仁德"
"C0X170","關廟","Guanmiao","関廟","關廟","關廟","關廟","关庙"
"C0X180","山上","Shanshang","山上","山上","山上","山上","山上"
"C0X190","安平","Anping","安平","安平","安平","安平","安平"
"C0X200","左鎮","Zuozhen","左鎮","左鎮","左鎮","左鎮","左镇"
"C0X210","白河","Baihe","白河","白河","白河","白河","白河"
"C0X220","學甲","Xuejia","学甲","學甲","學甲","學甲","学甲"
"C0X230","鹽水","Yanshui","塩水","鹽水","鹽水","鹽水","盐水"
"C0X240","關子嶺","Guanziling","關子嶺","關子嶺","關子嶺","關子嶺","关子岭"
"C0X250","新營","Xinying","新営","新營","新營","新營","新营"
"C0X260","後壁","Houbi","後壁","後壁","後壁","後壁","后壁"
"C0X280","將軍","Jiangjun","将軍","將軍","將軍","將軍","将军"
"C0X290","北門","Beimen","北門","北門","北門","北門","北门"
"C0X300","鹿寮","Luliao","鹿寮","鹿寮","鹿寮","鹿寮","鹿寮"
"C0X320","柳營","Liuying","柳営","柳營","柳營","柳營","柳营"
"C0Z020","明里","Mingli","明里","明里","明里","明里","明里"
"C0Z050","佳心","Jiaxin","佳心","佳心","佳心","佳心","佳心"
"C0Z061","玉里","Yuli","玉里","玉里","玉里","玉里","玉里"
"C0Z070","舞鶴","Wuhe","舞鶴","舞鶴","舞鶴","舞鶴","舞鹤"
"C0Z080","富源","Fuyuan","富源","富源","富源","富源","富源"
"C0Z100","東華","Donghwa","東華","東華","東華","東華","东华"
"C0Z150","吉安光華","Guanghua Ji-An","吉安光華","吉安光華","吉安光華","吉安光華","吉安光华"
"C0Z160","鳳林","Fenglin","鳳林","鳳林","鳳林","鳳林","凤林"
"C0Z170","卓溪","Zhuoxi","卓渓","卓溪","卓溪","卓溪","卓溪"
"C0Z180","新城","Xincheng","新城","新城","新城","新城","新城"
"C0Z190","富世","Fushi","富世","富世","富世","富世","富世"
"C0Z200","萬榮","Wanrong","万栄","萬榮","萬榮","萬榮","万荣"
"C0Z210","瑞穗","Ruisui","瑞穂","瑞穗","瑞穗","瑞穗","瑞穗"
"C0Z220","和平林道","Hepinglindao","和平林道","和平林道","和平林道","和平林道","和平林道"
"C0Z230","和平","Heping","和平","和平","和平","和平","和平"
"C0Z250","瑞穗林道","Ruisuilindao","瑞穗林道","瑞穗林道","瑞穗林道","瑞穗林道","瑞穗林道"
"C0Z270","蕃薯寮","Fanshuliao","蕃薯寮","蕃薯寮","蕃薯寮","蕃薯寮","蕃薯寮"
"C0Z280","德武","Dewu","德武","德武","德武","德武","德武"
"C0Z290","赤柯山","Chikeshan","赤柯山","赤柯山","赤柯山","赤柯山","赤柯山"
"C0Z300","東里","Dongli","東里","東里","東里","東里","東里"
"C0Z310","清水斷崖","Qingshui Cliff","清水斷崖","清水斷崖","清水斷崖","清水斷崖","清水斷崖"
"C0Z320","清水林道","Qingshuilindao","清水林道","清水林道","清水林道","清水林道","清水林道"
"C0Z330","安通山","Antongshan","安通山","安通山","安通山","安通山","安通山"
"C1A630","下盆","Siapen","下盆","下盆","下盆","下盆","下盆"
"C1A750","石碇服務區","Shiding Service Area","石碇服務區","石碇服務區","石碇服務區","石碇服務區","石碇服務區"
"C1A760","坪林交控","Pinglin Traffic Control Center","坪林交控","坪林交控","坪林交控","坪林交控","坪林交控"
"C1A9N0","四十份","Sihshihfen","四十份","四十份","四十份","四十份","四十份"
"C1AC50","關渡","Guandu","關渡","關渡","關渡","關渡","关渡"
"C1AI50","國三N016K","Freeway No. 3 - Rain - N016k","國三N016K","國三N016K","國三N016K","國三N016K","國三N016K"
"C1AI60","國一39K邊坡","Freeway No. 1 - Rain – N039k","國一39K邊坡","國一39K邊坡","國一39K邊坡","國一39K邊坡","國一39K邊坡"
"C1C510","水尾","Shueiwei","水尾","水尾","水尾","水尾","水尾"
"C1D380","新埔","Sinpu","新埔","新埔","新埔","新埔","新埔"
"C1D400","鳥嘴山","Niaozueishan","鳥嘴山","鳥嘴山","鳥嘴山","鳥嘴山","鳥嘴山"
"C1D410","白蘭","Bailan","白蘭","白蘭","白蘭","白蘭","白蘭"
"C1D420","太閣南","Taigenan","太閣南","太閣南","太閣南","太閣南","太閣南"
"C1D630","飛鳳山","Fei Feng Mountain","飛鳳山","飛鳳山","飛鳳山","飛鳳山","飞凤山"
"C1D640","外坪(五指山)","Waiping(Wuzhihshan)","外坪(五指山)","外坪(五指山)","外坪(五指山)","外坪(五指山)","外坪(五指山)"
"C1E451","象鼻","Xiangbi","象鼻","象鼻","象鼻","象鼻","象鼻"
"C1E461","松安","Song-An","松安","松安","松安","松安","松安"
"C1E480","鳳美","Fongmei","鳳美","鳳美","鳳美","鳳美","凤美"
"C1E511","新開","Xinkai","新開","新開","新開","新開","新开"
"C1E601","南勢","Nanshi","南勢","南勢","南勢","南勢","南势"
"C1E670","南礦","Nankuang","南礦","南礦","南礦","南礦","南矿"
"C1E681","南勢山","Nanshishan","南勢山","南勢山","南勢山","南勢山","南势山"
"C1E691","南湖","Nanhu","南湖","南湖","南湖","南湖","南胡"
"C1E701","八卦","Bagua","八卦","八卦","八卦","八卦","八卦"
"C1E711","馬拉邦山","Malabangshan","馬拉邦山","馬拉邦山","馬拉邦山","馬拉邦山","馬拉邦山"
"C1E721","泰安","Tai-An","泰安","泰安","泰安","泰安","泰安"
"C1E770","公館","Gongguan","公館","公館","公館","公館","公馆"
"C1E890","國三N149K","Freeway No. 1 - Rain – N149k","國三N149K","國三N149K","國三N149K","國三N149K","国三N149K"
"C1E900","國一N128K","Freeway No. 1 - Rain – N128k","國一N128K","國一N128K","國一N128K","國一N128K","国一N128K"
"C1F871","上谷關","Shangguguan","上谷關","上谷關","上谷關","上谷關","上谷关"
"C1F891","稍來","Shaolai","稍來","稍來","稍來","稍來","稍来"
"C1F911","新伯公","Xinbogong","新伯公","新伯公","新伯公","新伯公","新伯公"
"C1F941","雪嶺","Xueling","雪嶺","雪嶺","雪嶺","雪嶺","雪岭"
"C1F9B1","桐林","Tonglin","桐林","桐林","桐林","桐林","桐林"
"C1F9C1","白冷","Baileng","白冷","白冷","白冷","白冷","白冷"
"C1F9D1","白毛台","Baimaotai","白毛台","白毛台","白毛台","白毛台","白毛台"
"C1F9E1","龍安","Long-An","龍安","龍安","龍安","龍安","龙安"
"C1F9F1","伯公龍","Bogonglong","伯公龍","伯公龍","伯公龍","伯公龍","伯公龙"
"C1F9G1","慶福山","Cingfushan","慶福山","慶福山","慶福山","慶福山","庆福山"
"C1F9J1","清水林","Qingshuilin","清水林","清水林","清水林","清水林","清水林"
"C1F9W0","德基","Deji","德基","德基","德基","德基","德基"
"C1G691","下水埔","Xiashuipu","下水埔","下水埔","下水埔","下水埔","下水埔"
"C1G9D0","國一S218K","Freeway No. 1 - Rain – S218k","國一S218K","國一S218K","國一S218K","國一S218K","國一S218K"
"C1H000","翠峰","Cuifeng","翠峰","翠峰","翠峰","翠峰","翠峰"
"C1H840","國三N238K","Freeway No. 3 - Rain –N238k","國三N238K","國三N238K","國三N238K","國三N238K","國三N238K"
"C1H900","清流","Qingliu","清流","清流","清流","清流","清流"
"C1H920","長豐","Changfeng","長豐","長豐","長豐","長豐","长丰"
"C1H941","雙冬","Shuangdong","雙冬","雙冬","雙冬","雙冬","双冬"
"C1H971","六分寮","Liufenliao","六分寮","六分寮","六分寮","六分寮","六分寮"
"C1H9B1","阿眉","Amei","阿眉","阿眉","阿眉","阿眉","阿眉"
"C1I020","萬大","Wanda","萬大","萬大","萬大","萬大","万大"
"C1I030","武界","Wujie","武界","武界","武界","武界","武界"
"C1I050","丹大","Danda","丹大","丹大","丹大","丹大","丹大"
"C1I070","和社","Heshe","和社","和社","和社","和社","和社"
"C1I101","溪頭","Xitou","溪頭","溪頭","溪頭","溪頭","溪头"
"C1I121","大鞍","Da-An","大鞍","大鞍","大鞍","大鞍","大鞍"
"C1I131","桶頭","Tongtou","桶頭","桶頭","桶頭","桶頭","桶头"
"C1I140","卡奈托灣","Kanaituowan","卡奈托灣","卡奈托灣","卡奈托灣","卡奈托灣","卡奈托湾"
"C1I150","青雲","Qingyun","青雲","青雲","青雲","青雲","青云"
"C1I201","中心崙","Zhongxinlun","中心崙","中心崙","中心崙","中心崙","中心仑"
"C1I211","蘆竹湳","Luzhunan","蘆竹湳","蘆竹湳","蘆竹湳","蘆竹湳","芦竹湳"
"C1I220","樟湖","Zhanghu","樟湖","樟湖","樟湖","樟湖","樟湖"
"C1I230","九份二山","Jiufen'Ershan","九份二山","九份二山","九份二山","九份二山","九份二山"
"C1I240","外大坪","Waidaping","外大坪","外大坪","外大坪","外大坪","外大坪"
"C1I250","鯉潭","Litan","鯉潭","鯉潭","鯉潭","鯉潭","鲤潭"
"C1I260","北坑","Beikeng","北坑","北坑","北坑","北坑","北坑"
"C1I280","埔中","Puzhong","埔中","埔中","埔中","埔中","埔中"
"C1I290","豐丘","Fengqiu","豐丘","豐丘","豐丘","豐丘","豐丘"
"C1I310","西巒","Xiluan","西巒","西巒","西巒","西巒","西巒"
"C1I320","奧萬大","Aowanda","奧萬大","奧萬大","奧萬大","奧萬大","奧萬大"
"C1I330","楓樹林","Fengshulin","楓樹林","楓樹林","楓樹林","楓樹林","楓樹林"
"C1I340","新興橋","Xinxingqiao","新興橋","新興橋","新興橋","新興橋","新興橋"
"C1I400","凌霄","Lingxiao","凌霄","凌霄","凌霄","凌霄","凌霄"
"C1I430","翠華","Cuihua","翠華","翠華","翠華","翠華","翠華"
"C1I440","新高口","Xingaokou","新高口","新高口","新高口","新高口","新高口"
"C1I450","望鄉山","Wangxiangshan","望鄉山","望鄉山","望鄉山","望鄉山","望鄉山"
"C1I470","杉林溪","Shanlinxi","杉林溪","杉林溪","杉林溪","杉林溪","杉林溪"
"C1I500","大尖山","Dajianshan","大尖山","大尖山","大尖山","大尖山","大尖山"
"C1I510","線浸林道","Xianjinlindao","線浸林道","線浸林道","線浸林道","線浸林道","線浸林道"
"C1I550","國六W023K","Freeway No. 6 - Rain – W023k","國六W023K","國六W023K","國六W023K","國六W023K","國六W023K"
"C1K540","口湖","Kouhu","口湖","口湖","口湖","口湖","口湖"
"C1M390","龍美","Longmei","龍美","龍美","龍美","龍美","龍美"
"C1M400","菜瓜坪","Caiguaping","菜瓜坪","菜瓜坪","菜瓜坪","菜瓜坪","菜瓜坪"
"C1M480","獨立山","Dulishan","獨立山","獨立山","獨立山","獨立山","獨立山"
"C1M600","頭凍","Toudong","頭凍","頭凍","頭凍","頭凍","頭凍"
"C1M610","石磐龍","Shipanlong","石磐龍","石磐龍","石磐龍","石磐龍","石磐龍"
"C1M640","十字","Shizi","十字","十字","十字","十字","十字"
"C1M870","國三N285K","Freeway No. 3 - Rain –N285k","國三N285K","國三N285K","國三N285K","國三N285K","國三N285K"
"C1N001","沙崙","Shalun","沙崙","沙崙","沙崙","沙崙","沙崙"
"C1O850","環湖","Huanhu","環湖","環湖","環湖","環湖","環湖"
"C1O870","大棟山","Dadongshan","大棟山","大棟山","大棟山","大棟山","大棟山"
"C1O880","關山","Guanshan","関山","關山","關山","關山","关山"
"C1O921","楠西","Nanxi","楠西","楠西","楠西","楠西","楠西"
"C1O940","東山服務區","Dongshan Service Area","東山服務區","東山服務區","東山服務區","東山服務區","東山服務區"
"C1R110","口社","Gusia","口社","口社","口社","口社","口社"
"C1R120","上德文","Shangdewun","上德文","上德文","上德文","上德文","上德文"
"C1R250","力里","Lili","力里","力里","力里","力里","力里"
"C1R290","石門山","Shihmenshan","石門山","石門山","石門山","石門山","石門山"
"C1R610","西大武山","Xidawushan","西大武山","西大武山","西大武山","西大武山","西大武山"
"C1R630","龍泉","Longquan","龍泉","龍泉","龍泉","龍泉","龍泉"
"C1S670","摩天","Motian","摩天","摩天","摩天","摩天","摩天"
"C1S800","華源","Huayuan","華源","華源","華源","華源","華源"
"C1S820","金峰","Jinfeng","金峰","金峰","金峰","金峰","金峰"
"C1S850","豐南","Funan","豐南","豐南","豐南","豐南","豐南"
"C1S860","利嘉","Lichai","利嘉","利嘉","利嘉","利嘉","利嘉"
"C1S870","南美山","Nanmaisan","南美山","南美山","南美山","南美山","南美山"
"C1S880","壽卡","Shouka","壽卡","壽卡","壽卡","壽卡","壽卡"
"C1SA50","利嘉林道","Lijialindao","利嘉林道","利嘉林道","利嘉林道","利嘉林道","利嘉林道"
"C1SA70","都蘭","Dulan","都蘭","都蘭","都蘭","都蘭","都蘭"
"C1T800","洛韶","Luoshao","洛韶","洛韶","洛韶","洛韶","洛韶"
"C1T810","慈恩","Ci-En","慈恩","慈恩","慈恩","慈恩","慈恩"
"C1T830","布洛灣","Buluowan","布洛灣","布洛灣","布洛灣","布洛灣","布洛灣"
"C1T920","中興","Zhongxing","中興","中興","中興","中興","中興"
"C1T940","大觀","Daguan","大觀","大觀","大觀","大觀","大觀"
"C1T950","太安","Tai-An","太安","太安","太安","太安","太安"
"C1T970","大農","Danong","大農","大農","大農","大農","大農"
"C1T980","龍澗","Longjian","龍澗","龍澗","龍澗","龍澗","龍澗"
"C1T990","高寮","Gaoliao","高寮","高寮","高寮","高寮","高寮"
"C1TA00","太魯閣","Taroko","太魯閣","太魯閣","太魯閣","太魯閣","太魯閣"
"C1U501","牛鬥","Nioudou","牛鬥","牛鬥","牛鬥","牛鬥","牛斗"
"C1U670","寒溪","Hanxi","寒溪","寒溪","寒溪","寒溪","寒溪"
"C1U840","東澳嶺","Dongaoling","東澳嶺","東澳嶺","東澳嶺","東澳嶺","东澳岭"
"C1U850","觀音海岸","Guanyin Coast","觀音海岸","觀音海岸","觀音海岸","觀音海岸","观音海岸"
"C1U920","思源","Siyuan","思源","思源","思源","思源","思源"
"C1U930","粉鳥林","Fenniaolin","粉鳥林","粉鳥林","粉鳥林","粉鳥林","粉鸟林"
"C1V160","達卡努瓦","Dakanuwa","達卡努瓦","達卡努瓦","達卡努瓦","達卡努瓦","达卡努瓦"
"C1V170","排雲","Paiyun","排雲","排雲","排雲","排雲","排云"
"C1V190","南天池","Nantianchi","南天池","南天池","南天池","南天池","南天池"
"C1V200","梅山","Meishan","梅山","梅山","梅山","梅山","梅山"
"C1V220","小關山","Xiaoguanshan","小關山","小關山","小關山","小關山","小关山"
"C1V231","高中","Gaozhong","高中","高中","高中","高中","高中"
"C1V300","御油山","Yuyoushan","御油山","御油山","御油山","御油山","御油山"
"C1V340","大津","Dajin","大津","大津","大津","大津","大津"
"C1V390","尖山","Jianshan","尖山","尖山","尖山","尖山","尖山"
"C1V570","吉東","Jiadong","吉東","吉東","吉東","吉東","吉东"
"C1V580","溪南(特生中心)","Xinan","溪南(特生中心)","溪南(特生中心)","溪南(特生中心)","溪南(特生中心)","溪南(特生中心)"
"C1V590","新發","Xinfa","新發","新發","新發","新發","新发"
"C1V600","藤枝","Tengzhi","藤枝","藤枝","藤枝","藤枝","藤枝"
"C1V780","多納林道","Duonalindao","多納林道","多納林道","多納林道","多納林道","多纳林道"
"C1V830","國三S383K","Freeway No. 3 - Rain – S383k","國三S383K","國三S383K","國三S383K","國三S383K","國三S383K"
"C1X040","東原","Dongyuan","東原","東原","東原","東原","东原"
"C1Z030","紅葉","Hongye","紅葉","紅葉","紅葉","紅葉","红叶"
"C1Z040","立山","Lishan","立山","立山","立山","立山","立山"
"C1Z110","三棧","Sanzhan","三棧","三棧","三棧","三棧","三栈"
"C1Z120","壽豐","Shoufeng","寿豊","壽豐","壽豐","壽豐","寿丰"
"C1Z130","銅門","Tongmen","銅門","銅門","銅門","銅門","铜门"
"C1Z140","荖溪","Laoxi","荖溪","荖溪","荖溪","荖溪","荖溪"
"C1Z240","中平林道","Zhongpinglindao","中平林道","中平林道","中平林道","中平林道","中平林道"
